dataset,method,NMI,ACC,ARI,Purity,true_c,c_out,count_abs_error,runtime_s,peak_rss_mb,n,status,panel
2d-10c,SNI-DPC,1.0,1.0,1.0,1.0,9,9,0,18.050252,223.605,2990,ok,formal21
2d-10c,Gravity,1.0,1.0,1.0,1.0,9,9,0,32.439925,885.273,2990,ok,formal21
2d-10c,Torque Clustering,1.0,1.0,1.0,1.0,9,9,0,28.98605,1282.0,2990,ok,formal21
2d-10c,LDCC,0.9927801875535668,0.9869565217391304,0.9976336538247998,1.0,9,11,2,5.9458,227.516,2990,ok,formal21
2d-10c,Gauging-delta,0.8991009428153524,0.8635451505016722,0.8570989287982682,1.0,9,66,57,822.9702,11115.98,2990,ok,formal21
2d-10c,DPC-MFP,0.7810526395913798,0.488628762541806,0.4844302523612864,1.0,9,34,25,29.323599,1203.52,2990,ok,formal21
DS-577,SNI-DPC,0.9802053495261216,0.9965337954939342,0.9894986807038808,0.9965337954939342,3,3,0,5.108329,149.551,577,ok,formal21
DS-577,Gravity,0.9901341090457622,0.9982668977469672,0.994851035972846,0.9982668977469672,3,3,0,4.202111,181.188,577,ok,formal21
DS-577,Torque Clustering,0.975608625112495,0.9948006932409011,0.984632041225676,0.9948006932409011,3,3,0,28.72736,1121.324,577,ok,formal21
DS-577,LDCC,0.9901341090457622,0.9982668977469672,0.994851035972846,0.9982668977469672,3,3,0,2.8692,151.73,577,ok,formal21
DS-577,Gauging-delta,0.9341772091583328,0.9792027729636048,0.9603221935207524,0.9930675909878682,3,7,4,26.0874,458.594,577,ok,formal21
DS-577,DPC-MFP,0.9531890865262356,0.9896013864818024,0.9683674170351354,0.9896013864818024,3,3,0,31.146639,1126.645,577,ok,formal21
R15,SNI-DPC,0.9942285075104654,0.9966666666666668,0.9927781994136302,0.9966666666666668,15,15,0,5.485152,149.176,600,ok,formal21
R15,Gravity,0.9884648101628384,0.9933333333333332,0.9856026788013608,0.9933333333333332,15,15,0,4.213704,181.727,600,ok,formal21
R15,Torque Clustering,0.9893102774973556,0.9933333333333332,0.9856500959859544,0.9933333333333332,15,15,0,29.508045,1125.887,600,ok,formal21
R15,LDCC,0.9913351232214996,0.995,0.9891224564103206,0.995,15,15,0,3.0833,150.531,600,ok,formal21
R15,Gauging-delta,0.9685915803786446,0.9616666666666668,0.9567976988485088,0.995,15,28,13,17.091,496.016,600,ok,formal21
R15,DPC-MFP,0.9942285075104654,0.9966666666666668,0.9927781994136302,0.9966666666666668,15,15,0,30.111882,1128.895,600,ok,formal21
banana,SNI-DPC,1.0,1.0,1.0,1.0,2,2,0,43.392919,292.996,4811,ok,formal21
banana,Gravity,1.0,1.0,1.0,1.0,2,2,0,79.56421,1857.266,4811,ok,formal21
banana,Torque Clustering,1.0,1.0,1.0,1.0,2,2,0,30.275404,1530.953,4811,ok,formal21
banana,LDCC,1.0,1.0,1.0,1.0,2,2,0,8.557,349.266,4811,ok,formal21
banana,Gauging-delta,0.1603359272931302,0.0022864269382664,0.0004233023523005,1.0,2,3242,3240,1309.2727,28692.867,4811,ok,formal21
banana,DPC-MFP,0.2803437158677355,0.082311369777593,0.0347142807556381,1.0,2,93,91,30.052742,1306.023,4811,ok,formal21
cluto-t4-8k,SNI-DPC,0.9996629760346694,0.999861802100608,0.9998067440104113,1.0,6,7,1,103.121706,413.184,8000,ok,formal21
cluto-t4-8k,Gravity,1.0,1.0,1.0,1.0,6,6,0,195.399931,4730.898,8000,ok,formal21
cluto-t4-8k,Torque Clustering,0.6701131307760403,0.2407407407407407,0.2620675344108187,0.999723604201216,6,31,25,35.636199,2339.734,8000,ok,formal21
cluto-t4-8k,LDCC,1.0,1.0,1.0,1.0,6,6,0,14.472,740.703,8000,ok,formal21
cluto-t4-8k,Gauging-delta,0.8448829499563473,0.6838032061912659,0.672910875564857,0.6839414040906578,6,5,1,7556.6838,3824.383,8000,ok,formal21
cluto-t4-8k,DPC-MFP,0.5192248305072037,0.1122166943062465,0.0732743550057265,1.0,6,177,171,32.475056,1620.812,8000,ok,formal21
cluto-t5-8k,SNI-DPC,1.0,1.0,1.0,1.0,6,6,0,102.460639,420.992,8000,ok,formal21
cluto-t5-8k,Gravity,1.0,1.0,1.0,1.0,6,6,0,219.21251,4753.66,8000,ok,formal21
cluto-t5-8k,Torque Clustering,1.0,1.0,1.0,1.0,6,6,0,36.39307,2339.031,8000,ok,formal21
cluto-t5-8k,LDCC,1.0000000000000002,1.0,1.0,1.0,6,6,0,16.233,678.477,8000,ok,formal21
cluto-t5-8k,Gauging-delta,0.9322450725977732,0.8462100189864175,0.8286650643129719,0.8462100189864175,6,5,1,6433.0333,3602.168,8000,ok,formal21
cluto-t5-8k,DPC-MFP,0.5535882246720705,0.1314444282167372,0.1066435533545916,1.0,6,139,133,33.787261,1620.305,8000,ok,formal21
cure-t2-4k,SNI-DPC,0.9323668493502956,0.94,0.9498727046396326,0.94,6,5,1,32.278936,259.547,4200,ok,formal21
cure-t2-4k,Gravity,0.9373537889485584,0.94,0.951077028961945,0.94,6,5,1,52.179999,1445.875,4200,ok,formal21
cure-t2-4k,Torque Clustering,0.8653637859837049,0.79,0.8094940479880282,0.79,6,4,2,31.365398,1455.992,4200,ok,formal21
cure-t2-4k,LDCC,0.9320430008927456,0.94,0.9497899449962643,0.94,6,5,1,8.7645,301.645,4200,ok,formal21
cure-t2-4k,Gauging-delta,0.9065535990733788,0.92375,0.949609294395788,0.95625,6,15,9,1875.7599,21880.609,4200,ok,formal21
cure-t2-4k,DPC-MFP,0.5133326845969883,0.174,0.0773988417083939,0.98575,6,114,108,30.927879,1268.09,4200,ok,formal21
diamond9,SNI-DPC,0.9931902786202408,0.9976666666666668,0.9947514154717112,0.9976666666666668,9,9,0,19.008493,210.145,3000,ok,formal21
diamond9,Gravity,0.7417065986580706,0.555,0.3643064384267303,0.555,9,5,4,24.111518,875.758,3000,ok,formal21
diamond9,Torque Clustering,1.0,1.0,1.0,1.0,9,9,0,29.531069,1202.324,3000,ok,formal21
diamond9,LDCC,0.9960791759348496,0.9986666666666668,0.9970028931724734,0.9986666666666668,9,9,0,4.6154,229.656,3000,ok,formal21
diamond9,Gauging-delta,0.8814707590689354,0.6666666666666666,0.7084153536290984,0.667,9,8,1,729.9083,11077.609,3000,ok,formal21
diamond9,DPC-MFP,0.6973764139994431,0.271,0.2803008320301783,0.979,9,75,66,30.892926,1200.117,3000,ok,formal21
dpb,SNI-DPC,0.9537868611558716,0.9826503140891416,0.9698127953882436,0.9826503140891416,5,5,0,41.666305,251.125,4000,ok,formal21
dpb,Gravity,0.9482221780650736,0.9745737361651212,0.9711078508490274,0.9916242895602752,5,7,2,45.182313,1313.043,4000,ok,formal21
dpb,Torque Clustering,0.99273022923558,0.9985043374214776,0.9962688087487288,0.9985043374214776,5,5,0,31.444421,1424.391,4000,ok,formal21
dpb,LDCC,0.9622761008473568,0.9814537840263236,0.9776606707137496,0.9946156147173196,5,6,1,9.1979,292.703,4000,ok,formal21
dpb,Gauging-delta,0.3078363134736887,0.0089739754711337,0.0013687141441271,1.0,5,2319,2314,327.8202,19752.035,4000,ok,formal21
dpb,DPC-MFP,0.5161729873266995,0.191743942566557,0.1046495998495828,0.9979060723900688,5,71,66,29.791044,1248.062,4000,ok,formal21
ds2c2sc13,SNI-DPC,0.9965244951750636,0.9982993197278912,0.9955555893309216,0.9982993197278912,13,13,0,5.39462,146.648,588,ok,formal21
ds2c2sc13,Gravity,0.985045007636347,0.9591836734693876,0.9690208682355398,0.9591836734693876,13,12,1,4.211645,184.188,588,ok,formal21
ds2c2sc13,Torque Clustering,0.7902847211573615,0.5799319727891157,0.59039716389842,0.5799319727891157,13,5,8,28.7091,1131.211,588,ok,formal21
ds2c2sc13,LDCC,0.9295926838975987,0.8163265306122449,0.7801184206282405,0.9132653061224488,13,14,1,2.8687,150.016,588,ok,formal21
ds2c2sc13,Gauging-delta,0.5709488875572546,0.0544217687074829,0.0128811837463122,1.0,13,483,470,23.2601,472.391,588,ok,formal21
ds2c2sc13,DPC-MFP,0.863692196524343,0.6887755102040817,0.6966930690526052,0.8095238095238095,13,12,1,29.502372,1136.477,588,ok,formal21
flame,SNI-DPC,0.832984559439943,0.975,0.9017079127464837,0.975,2,2,0,3.877647,141.77,240,ok,formal21
flame,Gravity,0.0,0.6375,0.0,0.6375,2,1,1,3.392269,161.109,240,ok,formal21
flame,Torque Clustering,1.0,1.0,1.0,1.0,2,2,0,27.078508,1129.277,240,ok,formal21
flame,LDCC,0.0,0.6375,0.0,0.6375,2,1,1,3.0118,146.941,240,ok,formal21
flame,Gauging-delta,0.9705961317536942,0.9916666666666668,0.9880938711084332,1.0,2,3,1,4.8231,128.387,240,ok,formal21
flame,DPC-MFP,0.0,0.6375,0.0,0.6375,2,1,1,28.231232,1132.418,240,ok,formal21
fourty,SNI-DPC,1.0,1.0,1.0,1.0,40,40,0,7.692423,159.508,1000,ok,formal21
fourty,Gravity,1.0,1.0,1.0,1.0,40,40,0,6.435091,237.746,1000,ok,formal21
fourty,Torque Clustering,1.0,1.0,1.0,1.0,40,40,0,28.958779,1130.781,1000,ok,formal21
fourty,LDCC,0.9952802832977604,0.975,0.9739782761584748,0.975,40,39,1,3.4925,157.84,1000,ok,formal21
fourty,Gauging-delta,0.9949098872935124,0.991,0.99074024375812,1.0,40,49,9,34.7464,1262.637,1000,ok,formal21
fourty,DPC-MFP,0.8595362870980565,0.538,0.5626481942940417,0.538,40,23,17,30.234313,1133.742,1000,ok,formal21
hypercube,SNI-DPC,1.0,1.0,1.0,1.0,8,8,0,5.596639,157.371,800,ok,formal21
hypercube,Gravity,1.0,1.0,1.0,1.0,8,8,0,5.614,207.336,800,ok,formal21
hypercube,Torque Clustering,1.0,1.0,1.0,1.0,8,8,0,28.680313,1129.453,800,ok,formal21
hypercube,LDCC,1.0,1.0,1.0,1.0,8,8,0,3.5102,154.711,800,ok,formal21
hypercube,Gauging-delta,1.0,1.0,1.0,1.0,8,8,0,53.0073,826.355,800,ok,formal21
hypercube,DPC-MFP,1.0,1.0,1.0,1.0,8,8,0,29.478344,1130.293,800,ok,formal21
longsquare,SNI-DPC,0.9896897760485074,0.9966666666666668,0.9920554332516284,0.9966666666666668,6,6,0,5.471648,155.91,900,ok,formal21
longsquare,Gravity,0.9334951177339788,0.9088888888888887,0.9068317992842844,0.9944444444444444,6,8,2,5.046752,218.109,900,ok,formal21
longsquare,Torque Clustering,0.9833856616288648,0.9944444444444444,0.9866071957564704,0.9944444444444444,6,6,0,29.527865,1126.812,900,ok,formal21
longsquare,LDCC,0.974746239227696,0.9755555555555556,0.9709874235561418,0.9977777777777778,6,7,1,3.0791,150.496,900,ok,formal21
longsquare,Gauging-delta,0.971531488526145,0.9811111111111112,0.9774956496456606,0.9977777777777778,6,15,9,46.1162,1048.77,900,ok,formal21
longsquare,DPC-MFP,0.9512414889561168,0.9177777777777778,0.9350066859931432,0.9977777777777778,6,8,2,29.540276,1137.051,900,ok,formal21
sizes4,SNI-DPC,0.9317732281031422,0.988,0.9632410112741308,0.988,4,4,0,5.891233,159.426,1000,ok,formal21
sizes4,Gravity,0.0,0.727,0.0,0.727,4,1,3,6.180424,232.188,1000,ok,formal21
sizes4,Torque Clustering,0.6632407133483784,0.679,0.3984607280927086,0.987,4,6,2,28.937611,1126.059,1000,ok,formal21
sizes4,LDCC,0.4934307721575663,0.817,0.3926180665969941,0.817,4,2,2,3.3054,158.301,1000,ok,formal21
sizes4,Gauging-delta,0.7195780099919348,0.888,0.7069662012431406,0.916,4,24,20,82.4913,1290.008,1000,ok,formal21
sizes4,DPC-MFP,0.4597267014699776,0.36,0.1064482422974178,0.987,4,19,15,29.492423,1136.355,1000,ok,formal21
smile1,SNI-DPC,1.0,1.0,1.0,1.0,4,4,0,5.543585,156.496,1000,ok,formal21
smile1,Gravity,1.0,1.0,1.0,1.0,4,4,0,5.615461,237.789,1000,ok,formal21
smile1,Torque Clustering,1.0,1.0,1.0,1.0,4,4,0,30.248193,1134.129,1000,ok,formal21
smile1,LDCC,0.6745099061806761,0.75,0.6077046894110895,0.75,4,3,1,3.5137,158.383,1000,ok,formal21
smile1,Gauging-delta,0.3494803014024569,0.016,0.0043233788118261,1.0,4,787,783,30.6397,1261.5,1000,ok,formal21
smile1,DPC-MFP,0.7559951141637198,0.642,0.6187067750114108,1.0,4,14,10,28.74848,1136.266,1000,ok,formal21
smile3,SNI-DPC,1.0,1.0,1.0,1.0,4,4,0,5.6547,158.121,1000,ok,formal21
smile3,Gravity,1.0,1.0,1.0,1.0,4,4,0,5.875474,235.441,1000,ok,formal21
smile3,Torque Clustering,1.0,1.0,1.0,1.0,4,4,0,30.06102,1133.242,1000,ok,formal21
smile3,LDCC,1.0,1.0,1.0,1.0,4,4,0,3.2959,158.281,1000,ok,formal21
smile3,Gauging-delta,0.2964418363720453,0.014,0.001451315472378,1.0,4,869,865,40.5389,1255.695,1000,ok,formal21
smile3,DPC-MFP,0.5672944103373468,0.349,0.2431286623321352,1.0,4,23,19,29.229316,1134.496,1000,ok,formal21
triangle1,SNI-DPC,0.9905929322453414,0.998,0.9946666935258882,0.998,4,4,0,6.199092,155.766,1000,ok,formal21
triangle1,Gravity,1.0,1.0,1.0,1.0,4,4,0,5.887975,236.863,1000,ok,formal21
triangle1,Torque Clustering,1.0,1.0,1.0,1.0,4,4,0,30.271438,1135.152,1000,ok,formal21
triangle1,LDCC,0.9455871522857174,0.984,0.9581879015530812,0.984,4,4,0,3.7487,158.02,1000,ok,formal21
triangle1,Gauging-delta,0.9213275799238236,0.951,0.9357715238394404,1.0,4,18,14,82.7589,1285.949,1000,ok,formal21
triangle1,DPC-MFP,0.8506803263344923,0.73,0.778855463032147,1.0,4,8,4,29.522689,1142.738,1000,ok,formal21
twenty,SNI-DPC,1.0,1.0,1.0,1.0,20,20,0,6.235704,160.051,1000,ok,formal21
twenty,Gravity,1.0,1.0,1.0,1.0,20,20,0,5.613651,234.504,1000,ok,formal21
twenty,Torque Clustering,1.0,1.0,1.0,1.0,20,20,0,29.261407,1132.074,1000,ok,formal21
twenty,LDCC,1.0,1.0,1.0,1.0,20,20,0,3.5186,157.5,1000,ok,formal21
twenty,Gauging-delta,0.996738049145012,0.996,0.995777666008732,1.0,20,24,4,50.7168,1275.246,1000,ok,formal21
twenty,DPC-MFP,1.0,1.0,1.0,1.0,20,20,0,29.779695,1135.41,1000,ok,formal21
xclara,SNI-DPC,0.98723476082045,0.9976666666666668,0.99289452504611,0.9976666666666668,3,3,0,19.923804,212.934,3000,ok,formal21
xclara,Gravity,0.9689154499361198,0.9876666666666668,0.9806412708020124,0.998,3,4,1,22.694838,821.359,3000,ok,formal21
xclara,Torque Clustering,0.9920220061088596,0.9986666666666668,0.995934259728676,0.9986666666666668,3,3,0,29.519685,1282.141,3000,ok,formal21
xclara,LDCC,0.98723476082045,0.9976666666666668,0.99289452504611,0.9976666666666668,3,3,0,4.8418,225.707,3000,ok,formal21
xclara,Gauging-delta,0.90207322281446,0.9646666666666668,0.9403255365017308,0.9966666666666668,3,26,23,1420.1855,11207.852,3000,ok,formal21
xclara,DPC-MFP,0.4231633410674048,0.1423333333333333,0.0842396138737739,0.998,3,77,74,29.214185,1192.207,3000,ok,formal21
zelnik5,SNI-DPC,1.0000000000000002,1.0,1.0,1.0,4,4,0,4.177368,148.41,512,ok,formal21
zelnik5,Gravity,1.0000000000000002,1.0,1.0,1.0,4,4,0,4.203132,178.191,512,ok,formal21
zelnik5,Torque Clustering,1.0,1.0,1.0,1.0,4,4,0,28.943599,1125.199,512,ok,formal21
zelnik5,LDCC,1.0000000000000002,1.0,1.0,1.0,4,4,0,2.882,151.344,512,ok,formal21
zelnik5,Gauging-delta,0.3886473052044553,0.04296875,0.0115840977911213,1.0,4,354,350,24.7486,375.281,512,ok,formal21
zelnik5,DPC-MFP,0.8536954483528002,0.72265625,0.7551756074822681,1.0,4,7,3,28.46029,1134.27,512,ok,formal21
sizes2,SNI-DPC,0.928890138788064,0.983,0.963782470982988,0.983,4,4,0,5.699961,158.543,1000,ok,challenge8
sizes2,Gravity,0.9564361827247276,0.991,0.980276552265513,0.991,4,4,0,5.331882,224.867,1000,ok,challenge8
sizes2,Torque Clustering,0.8118145800619854,0.84,0.695178561522089,0.981,4,5,1,38.148501,1106.727,1000,ok,challenge8
sizes2,LDCC,0.4947329062389611,0.714,0.3497617211186213,0.714,4,2,2,4.428781,156.328,1000,ok,challenge8
sizes2,Gauging-delta,0.0317240538887502,0.572,0.0101173061736174,0.58,4,6,2,151.61361,1340.535,1000,ok,challenge8
sizes2,DPC-MFP,0.5994827954234035,0.565,0.3018081428978117,0.983,4,18,14,37.096799,1125.691,1000,ok,challenge8
disk-6000n,SNI-DPC,0.9970752360961744,0.9998333333333334,0.9992342628265876,0.9998333333333334,2,2,0,73.345714,307.605,6000,ok,challenge8
disk-6000n,Gravity,0.0,0.8,0.0,0.8,2,1,1,85.144834,2987.766,6000,ok,challenge8
disk-6000n,Torque Clustering,0.2366043607176276,0.0895,0.0253673792064203,1.0,2,47,45,37.581816,1768.227,6000,ok,challenge8
disk-6000n,LDCC,0.0,0.8,0.0,0.8,2,1,1,12.284754,451.211,6000,ok,challenge8
disk-6000n,Gauging-delta,1.0,1.0,1.0,1.0,2,2,0,4596.284746,1994.211,6000,ok,challenge8
disk-6000n,DPC-MFP,0.1770391214641348,0.0283333333333333,0.0063869573946593,0.9991666666666666,2,214,212,36.203571,1396.527,6000,ok,challenge8
cluto-t8-8k,SNI-DPC,0.9558489280611352,0.949980461117624,0.9358637455612576,0.9541487560244888,8,8,0,93.694405,418.25,8000,ok,challenge8
cluto-t8-8k,Gravity,0.902645735240165,0.8354826103946854,0.8032290155078405,0.8354826103946854,8,7,1,223.219382,4754.066,8000,ok,challenge8
cluto-t8-8k,Torque Clustering,0.7162114678045155,0.3629021753289045,0.3337395381430704,0.9998697407841604,8,31,23,40.677661,2307.09,8000,ok,challenge8
cluto-t8-8k,LDCC,0.9204856834342314,0.8503321610003908,0.820861911134316,0.8503321610003908,8,7,1,23.666719,677.055,8000,ok,challenge8
cluto-t8-8k,Gauging-delta,0.5355599350378825,0.4303764491337762,0.2135985444054947,0.4303764491337762,8,4,4,6886.638789,3800.969,8000,ok,challenge8
cluto-t8-8k,DPC-MFP,0.5315653159665928,0.0971733750162824,0.0650524741789172,0.9988276670574444,8,214,206,37.63371,1596.938,8000,ok,challenge8
bng_segment,SNI-DPC,0.5390156797962508,0.5533333333333333,0.3411454306877138,0.555,7,6,1,5.13053,159.168,600,ok,challenge8
bng_segment,Gravity,0.5742458223590217,0.5733333333333334,0.4172135933666724,0.5733333333333334,7,5,2,6.13927,203.375,600,ok,challenge8
bng_segment,Torque Clustering,0.4552209832800756,0.4016666666666666,0.2139713176016041,0.4016666666666666,7,3,4,42.113082,1124.484,600,ok,challenge8
bng_segment,LDCC,0.5093714626988076,0.4183333333333333,0.2188672404240121,0.4183333333333333,7,3,4,9.799835,166.441,600,ok,challenge8
bng_segment,Gauging-delta,0.4664837219569517,0.0116666666666666,0.0,1.0,7,600,593,249.47175,582.473,600,ok,challenge8
bng_segment,DPC-MFP,0.5792152090402615,0.5716666666666667,0.393823792980652,0.6116666666666667,7,11,4,42.384655,1134.695,600,ok,challenge8
bng_mushroom,SNI-DPC,0.3601661159060475,0.5883333333333334,0.3325728000973122,0.8966666666666666,2,5,3,5.27312,161.617,600,ok,challenge8
bng_mushroom,Gravity,0.2975956283314241,0.5133333333333333,0.2539638376146221,0.8683333333333333,2,5,3,6.724633,202.523,600,ok,challenge8
bng_mushroom,Torque Clustering,0.3055886911989634,0.3883333333333333,0.2136903697280978,0.8733333333333333,2,6,4,41.391408,1123.562,600,ok,challenge8
bng_mushroom,LDCC,0.2023429534722425,0.6633333333333333,0.1053624070754706,0.6633333333333333,2,2,0,10.128137,165.66,600,ok,challenge8
bng_mushroom,Gauging-delta,0.0044443068276802,0.5066666666666667,-0.0012079268031695,0.5183333333333333,2,2,0,145.372004,588.305,600,ok,challenge8
bng_mushroom,DPC-MFP,0.3264612180095576,0.3966666666666666,0.2135718010140154,0.93,2,26,24,42.963359,1132.777,600,ok,challenge8
2dnormals,SNI-DPC,0.3671410740845853,0.821,0.4115683439723874,0.821,2,2,0,4.821225,156.703,1000,ok,challenge8
2dnormals,Gravity,0.0,0.518,0.0,0.518,2,1,1,5.350985,235.43,1000,ok,challenge8
2dnormals,Torque Clustering,0.2876726522707659,0.193,0.1071126811510168,0.917,2,17,15,31.886918,1168.207,1000,ok,challenge8
2dnormals,LDCC,0.0,0.518,0.0,0.518,2,1,1,4.02286,162.453,1000,ok,challenge8
2dnormals,Gauging-delta,0.0369834916728335,0.517,0.0006064735125272,0.53,2,7,5,118.57038,1357.754,1000,ok,challenge8
2dnormals,DPC-MFP,0.2847536899179456,0.34,0.1535868039233566,0.911,2,19,17,30.852485,1183.875,1000,ok,challenge8
aggregation,SNI-DPC,0.988268031204846,0.9961928934010152,0.9927076502018028,0.9961928934010152,7,7,0,3.775923,150.77,788,ok,challenge8
aggregation,Gravity,0.8894055132776747,0.8274111675126904,0.8089434170360936,0.8274111675126904,7,5,2,4.294387,195.414,788,ok,challenge8
aggregation,Torque Clustering,0.7699578523910665,0.7271573604060914,0.665543565661718,0.7271573604060914,7,3,4,28.850485,1261.223,788,ok,challenge8
aggregation,LDCC,0.9538459826331604,0.9555837563451776,0.9138729013928266,0.9555837563451776,7,6,1,3.479456,166.203,788,ok,challenge8
aggregation,Gauging-delta,0.981075800765006,0.9898477157360406,0.9873544469228288,0.9949238578680204,7,8,1,46.949579,898.473,788,ok,challenge8
aggregation,DPC-MFP,0.8080467558287003,0.618020304568528,0.5435646214827504,0.9974619289340102,7,14,7,27.840393,1177.352,788,ok,challenge8
DS6,SNI-DPC,0.932311251981044,0.9825,0.9461136864067388,0.9825,4,4,0,4.02735,154.016,800,ok,challenge8
DS6,Gravity,0.7450142989599964,0.685,0.5247673496551954,0.685,4,3,1,4.552539,203.258,800,ok,challenge8
DS6,Torque Clustering,0.5493758810802296,0.58375,0.3252076891743435,0.58375,4,2,2,26.527023,1172.82,800,ok,challenge8
DS6,LDCC,0.7405313993208602,0.69875,0.5258155152974693,0.69875,4,4,0,3.496357,165.879,800,ok,challenge8
DS6,Gauging-delta,0.7173526993557869,0.67875,0.5172865608687851,0.705,4,16,12,50.406749,921.398,800,ok,challenge8
DS6,DPC-MFP,0.7620667911507496,0.60375,0.5580046102240557,0.99875,4,10,6,30.375597,1187.855,800,ok,challenge8
