panel,dataset,method,status,NMI,ACC,ARI,Purity,true_c,c_out,count_abs_error,runtime_s,peak_rss_mb,n_samples,d_native,planned_role,evidence_limit
real_top30,banknote,SNI-DPC,ok,0.6477221866086499,0.7864431486880467,0.6201789588290146,0.989067055393586,2,5.0,3.0,7.888233,174.699,1372,4,complete_real_dataset_relation,not_high_dimensional
real_top30,banknote,Gravity,ok,0.1410158261985728,0.510932944606414,0.006601295300991,0.5860058309037901,2,4.0,2.0,7.210970878601074,,1372,4,complete_real_dataset_relation,not_high_dimensional
real_top30,banknote,Torque Clustering,ok,0.3497085160762498,0.1814868804664723,0.0983655028440403,0.990524781341108,2,25.0,23.0,34.106508,1148.949,1372,4,complete_real_dataset_relation,not_high_dimensional
real_top30,banknote,LDCC,ok,0.0,0.5553935860058309,0.0,0.5553935860058309,2,1.0,1.0,5.142396,165.242,1372,4,complete_real_dataset_relation,not_high_dimensional
real_top30,banknote,Gauging-delta,ok,0.4730688476504197,0.5925655976676385,0.398986712887411,0.9854227405247812,2,23.0,21.0,253.00097,2403.859,1372,4,complete_real_dataset_relation,not_high_dimensional
real_top30,banknote,DPC-MFP,ok,0.3539409573314617,0.1479591836734693,0.0936544913135583,0.998542274052478,2,29.0,27.0,32.992701,1143.242,1372,4,complete_real_dataset_relation,not_high_dimensional
real_top30,cardiotocography,SNI-DPC,ok,0.9102603593911626,0.839134524929445,0.7278670342181282,0.839134524929445,10,9.0,1.0,13.667048,218.801,2126,35,intermediate_case,not_several_hundred_dimensions
real_top30,cardiotocography,Gravity,ok,0.5358664320053651,0.4501411100658514,0.1624735885907493,0.4501411100658514,10,6.0,4.0,46.495082,,2126,35,intermediate_case,not_several_hundred_dimensions
real_top30,cardiotocography,Torque Clustering,ok,0.9247163464249976,0.8748824082784572,0.8087741141152015,0.9943555973659456,10,12.0,2.0,33.536945,1168.641,2126,35,intermediate_case,not_several_hundred_dimensions
real_top30,cardiotocography,LDCC,ok,0.3340294732791229,0.3635936030103481,0.075956431720327,0.3635936030103481,10,4.0,6.0,12.463355,194.078,2126,35,intermediate_case,not_several_hundred_dimensions
real_top30,cardiotocography,Gauging-delta,ok,0.5292211552179332,0.4473189087488241,0.1645537183501541,0.4524929444967074,10,10.0,0.0,1040.171506,5696.516,2126,35,intermediate_case,not_several_hundred_dimensions
real_top30,cardiotocography,DPC-MFP,ok,0.7325380632747512,0.4731890874882408,0.3389407941174991,1.0,10,53.0,43.0,33.800198,1160.016,2126,35,intermediate_case,not_several_hundred_dimensions
real_top30,segmentation,SNI-DPC,ok,0.6770968015378488,0.6212121212121212,0.508772171881058,0.6865800865800866,7,8.0,1.0,16.378038,203.773,2310,19,complete_real_dataset_relation,not_high_dimensional
real_top30,segmentation,Gravity,ok,0.549181093596175,0.4467532467532467,0.2420403644755008,0.4909090909090909,7,7.0,0.0,21.535109,,2310,19,complete_real_dataset_relation,not_high_dimensional
real_top30,segmentation,Torque Clustering,ok,0.6424160078161995,0.6077922077922078,0.5138121291170262,0.7294372294372294,7,11.0,4.0,34.381716,1157.051,2310,19,complete_real_dataset_relation,not_high_dimensional
real_top30,segmentation,LDCC,ok,0.5569280390006998,0.4731601731601731,0.2756081869485479,0.5341991341991342,7,9.0,2.0,10.658395,198.242,2310,19,complete_real_dataset_relation,not_high_dimensional
real_top30,segmentation,Gauging-delta,ok,0.0901863758770337,0.1952380952380952,0.0049376765175625,0.2051948051948052,7,25.0,18.0,2204.718098,6574.672,2310,19,complete_real_dataset_relation,not_high_dimensional
real_top30,segmentation,DPC-MFP,ok,0.6237295322748928,0.348051948051948,0.3183964844844326,0.8852813852813853,7,52.0,45.0,34.478279,1167.066,2310,19,complete_real_dataset_relation,not_high_dimensional
real_top30,tokyo1,SNI-DPC,ok,0.3290492672361211,0.5901981230448383,0.2993426892473774,0.8779979144942649,2,6.0,4.0,6.344423,167.523,959,44,complete_real_dataset_relation,not_large_sample
real_top30,tokyo1,Gravity,ok,0.1080740591824789,0.6506777893639207,0.0508798248746754,0.6850886339937435,2,3.0,1.0,5.912595,,959,44,complete_real_dataset_relation,not_large_sample
real_top30,tokyo1,Torque Clustering,ok,0.286362896613382,0.3545359749739312,0.1917900141654988,0.9155370177267989,2,19.0,17.0,31.148292,1133.645,959,44,complete_real_dataset_relation,not_large_sample
real_top30,tokyo1,LDCC,ok,0.0,0.6392075078206465,0.0,0.6392075078206465,2,1.0,1.0,5.343146,158.273,959,44,complete_real_dataset_relation,not_large_sample
real_top30,tokyo1,Gauging-delta,ok,0.0238607392970097,0.6402502606882169,0.0245966764921075,0.6538060479666319,2,5.0,3.0,149.893168,1254.996,959,44,complete_real_dataset_relation,not_large_sample
real_top30,tokyo1,DPC-MFP,ok,0.2986036748788596,0.4160583941605839,0.1969045209733198,0.9165797705943692,2,18.0,16.0,29.150244,1130.914,959,44,complete_real_dataset_relation,not_large_sample
real_top30,page_blocks,SNI-DPC,ok,0.2057512628397716,0.7876849990864243,0.2247097601957843,0.9260003654302942,5,4.0,1.0,83.063788,319.09,5473,10,largest_sample_case,not_high_dimensional
real_top30,page_blocks,Gravity,ok,0.0267134114499138,0.8881783299835556,0.0668002286995943,0.8976795176320117,5,2.0,3.0,131.245883,,5473,10,largest_sample_case,not_high_dimensional
real_top30,page_blocks,Torque Clustering,ok,0.0474721564044818,0.442170655947378,-0.0077671450339134,0.89987209939704,5,6.0,1.0,41.393205,1782.402,5473,10,largest_sample_case,not_high_dimensional
real_top30,page_blocks,LDCC,ok,0.0,0.8976795176320117,0.0,0.8976795176320117,5,1.0,4.0,102.835578,408.254,5473,10,largest_sample_case,not_high_dimensional
real_top30,page_blocks,Gauging-delta,timeout,,,,,5,,,29496.73482,1641.98,5473,10,largest_sample_case,not_high_dimensional
real_top30,page_blocks,DPC-MFP,ok,0.0962432935085547,0.0560935501553078,0.0017075877183679,0.9283756623424082,5,235.0,230.0,40.820259,1359.621,5473,10,largest_sample_case,not_high_dimensional
real_top30,solar_flare,SNI-DPC,ok,0.5018168550805802,0.4709193245778612,0.3123015979390726,0.7101313320825516,6,9.0,3.0,9.980698,200.656,1066,42,complete_real_dataset_relation,not_high_dimensional
real_top30,solar_flare,Gravity,ok,0.3950262477381804,0.5168855534709194,0.1612366096850025,0.5168855534709194,6,4.0,2.0,26.312561,,1066,42,complete_real_dataset_relation,not_high_dimensional
real_top30,solar_flare,Torque Clustering,ok,0.3729684058230156,0.1688555347091932,0.1104574702518852,0.7082551594746717,6,47.0,41.0,32.516769,1125.672,1066,42,complete_real_dataset_relation,not_high_dimensional
real_top30,solar_flare,LDCC,ok,0.0,0.3105065666041275,0.0,0.3105065666041275,6,1.0,5.0,13.854208,165.102,1066,42,complete_real_dataset_relation,not_high_dimensional
real_top30,solar_flare,Gauging-delta,ok,0.380348776896756,0.0056285178236397,0.0,1.0,6,1066.0,1060.0,526.552478,1496.711,1066,42,complete_real_dataset_relation,not_high_dimensional
real_top30,solar_flare,DPC-MFP,ok,0.4153170277697408,0.3395872420262664,0.2182860015392049,0.6960600375234521,6,41.0,35.0,33.081003,1134.465,1066,42,complete_real_dataset_relation,not_high_dimensional
real_top30,cpmp_2015_classification,SNI-DPC,ok,0.1906292141874821,0.5635673624288425,0.2515070556085415,0.5635673624288425,4,4.0,0.0,5.000847,178.262,527,552,highest_dimensional_case,not_large_sample
real_top30,cpmp_2015_classification,Gravity,ok,0.1628544330315165,0.5464895635673624,0.2170433557604474,0.5464895635673624,4,4.0,0.0,6.257335,,527,552,highest_dimensional_case,not_large_sample
real_top30,cpmp_2015_classification,Torque Clustering,ok,0.2144043807920653,0.0474383301707779,0.0086908115950951,0.6660341555977229,4,126.0,122.0,34.267265,1129.535,527,552,highest_dimensional_case,not_large_sample
real_top30,cpmp_2015_classification,LDCC,ok,0.0,0.3946869070208729,0.0,0.3946869070208729,4,1.0,3.0,7.220736,159.906,527,552,highest_dimensional_case,not_large_sample
real_top30,cpmp_2015_classification,Gauging-delta,ok,0.0093458846681496,0.3795066413662239,-0.012587371585306,0.3946869070208729,4,2.0,2.0,213.96295,476.602,527,552,highest_dimensional_case,not_large_sample
real_top30,cpmp_2015_classification,DPC-MFP,ok,0.1717187945079947,0.4990512333965844,0.2079711364445315,0.5768500948766604,4,11.0,7.0,33.65747,1135.008,527,552,highest_dimensional_case,not_large_sample
real_top30,soybean,SNI-DPC,ok,0.6983466446399942,0.5900439238653001,0.3021767040791307,0.6090775988286969,19,13.0,6.0,4.986688,164.266,683,133,complete_real_dataset_relation,not_large_sample
real_top30,soybean,Gravity,ok,0.5764619717700687,0.3645680819912152,0.1420724099641296,0.431918008784773,19,11.0,8.0,5.572094,,683,133,complete_real_dataset_relation,not_large_sample
real_top30,soybean,Torque Clustering,ok,0.7895443070776504,0.6002928257686676,0.4747725412374811,0.8814055636896047,19,33.0,14.0,31.689913,1127.246,683,133,complete_real_dataset_relation,not_large_sample
real_top30,soybean,LDCC,ok,0.0,0.1346998535871156,0.0,0.1346998535871156,19,1.0,18.0,5.059283,156.355,683,133,complete_real_dataset_relation,not_large_sample
real_top30,soybean,Gauging-delta,ok,0.5076268782509633,0.3543191800878477,0.1131705284293331,0.424597364568082,19,18.0,1.0,228.839647,700.094,683,133,complete_real_dataset_relation,not_large_sample
real_top30,soybean,DPC-MFP,ok,0.683974800031658,0.5373352855051244,0.4341595516282657,0.6456808199121523,19,32.0,13.0,30.891049,1139.195,683,133,complete_real_dataset_relation,not_large_sample
real_top30,steel_plates_fault,SNI-DPC,ok,0.3230484749550177,0.4549201442555384,0.164103156075312,0.517774343122102,7,4.0,3.0,11.756862,209.656,1941,27,complete_real_dataset_relation,not_high_dimensional
real_top30,steel_plates_fault,Gravity,ok,0.0,0.3467284904688305,0.0,0.3467284904688305,7,1.0,6.0,23.627142,,1941,27,complete_real_dataset_relation,not_high_dimensional
real_top30,steel_plates_fault,Torque Clustering,ok,0.363697280111416,0.3590932509015971,0.1717264500152944,0.6161772282328697,7,17.0,10.0,32.734863,1166.262,1941,27,complete_real_dataset_relation,not_high_dimensional
real_top30,steel_plates_fault,LDCC,ok,0.0,0.3467284904688305,0.0,0.3467284904688305,7,1.0,6.0,11.34793,185.676,1941,27,complete_real_dataset_relation,not_high_dimensional
real_top30,steel_plates_fault,Gauging-delta,ok,0.1725763771315612,0.4214322514167954,0.0485034732836937,0.443070582174137,7,6.0,1.0,1160.045801,4710.195,1941,27,complete_real_dataset_relation,not_high_dimensional
real_top30,steel_plates_fault,DPC-MFP,ok,0.3148596171834113,0.237506439979392,0.0987649178200332,0.6295723853683668,7,51.0,44.0,32.792124,1157.199,1941,27,complete_real_dataset_relation,not_high_dimensional
real_top30,stock,SNI-DPC,ok,0.3219527268782033,0.3273684210526316,0.1499549810604099,0.8547368421052631,2,11.0,9.0,6.103034,155.691,950,9,complete_real_dataset_relation,not_large_sample
real_top30,stock,Gravity,ok,0.1827821921798331,0.4473684210526316,0.0953801770571844,0.7094736842105264,2,7.0,5.0,3.52606,,950,9,complete_real_dataset_relation,not_large_sample
real_top30,stock,Torque Clustering,ok,0.2929375918711733,0.351578947368421,0.1677753353919197,0.84,2,8.0,6.0,32.472009,1121.105,950,9,complete_real_dataset_relation,not_large_sample
real_top30,stock,LDCC,ok,0.3375101551205943,0.3294736842105263,0.1707689909298092,0.8547368421052631,2,9.0,7.0,4.001171,156.207,950,9,complete_real_dataset_relation,not_large_sample
real_top30,stock,Gauging-delta,ok,0.1295580588586531,0.5157894736842106,0.1031990480919494,0.6989473684210527,2,5.0,3.0,50.090621,1224.855,950,9,complete_real_dataset_relation,not_large_sample
real_top30,stock,DPC-MFP,ok,0.2888025772565561,0.2136842105263157,0.1052873532173822,0.8947368421052632,2,19.0,17.0,32.238533,1129.535,950,9,complete_real_dataset_relation,not_large_sample
