dataset,n,true_k,MNG-DPC_NMI,MNG-DPC_ACC,MNG-DPC_ARI,MNG-DPC_Purity,MNG-DPC_k_pred,MNG-DPC_time_s,WANNDPC_NMI,WANNDPC_ACC,WANNDPC_ARI,WANNDPC_Purity,WANNDPC_k_pred,WANNDPC_time_s,DSNGCAP_NMI,DSNGCAP_ACC,DSNGCAP_ARI,DSNGCAP_Purity,DSNGCAP_k_pred,DSNGCAP_time_s,Gravity_DSNGCAP_NMI,Gravity_DSNGCAP_ACC,Gravity_DSNGCAP_ARI,Gravity_DSNGCAP_Purity,Gravity_DSNGCAP_k_pred,Gravity_DSNGCAP_time_s,KNN_NMI,KNN_ACC,KNN_ARI,KNN_Purity,KNN_k_pred,KNN_time_s,Gravity_DSNGCAP_r,Gravity_DSNGCAP_clean_r,Gravity_DSNGCAP_status,dimension,MNG-DPC_r,DPC-oracle-c_NMI,DPC-oracle-c_ACC,DPC-oracle-c_ARI,DPC-oracle-c_Purity,DPC-oracle-c_k_pred,DPC-oracle-c_time_s,DPC-oracle-c_fit_time_s,DPC-oracle-c_dc
2d-10c,2990,9,1.0,1.0,1.0,1.0,9,17.553138256072998,0.9988678473369832,0.9996655518394648,0.9992390426245816,0.9996655518394648,9,44.97564196586609,1.0,1.0,1.0,1.0,9,6.748,1.0,1.0,1.0,1.0,9,28.949,0.9953060975953708,0.9983277591973244,0.996665695962806,0.9983277591973244,9,2.8425724506378174,14,10,computed,2,13.0,1.0,1.0,1.0,1.0,9,0.3161216999997123,0.2637943999998242,1.0515371656238832
banana,4811,2,1.0,1.0,1.0,1.0,2,50.89590311050415,0.5761,0.883,0.5865,0.883,2,178.804,1.0,1.0,1.0,1.0,2,13.967,1.0,1.0,1.0,1.0,2,82.222,0.3399,0.8285,0.4316,0.8285,2,0.077,10,10,computed,2,16.0,0.0319504502045166,0.6067345666181667,0.045316026576504,0.6067345666181667,2,0.5256946000008611,0.502811099999235,0.030886890422961
cluto-t4-8k,8000,6,0.9985368659848244,0.9995854063018242,0.9994078689894564,0.999723604201216,8,107.73479199409483,0.7702966702544319,0.7426755113322278,0.6249139404588133,0.7703150912106136,6,324.2447123527527,1.0,1.0,1.0,1.0,7,25.387,1.0,1.0,1.0,1.0,8,184.673,0.7033284329274019,0.693477059148701,0.6035769702364717,0.7864842454394693,6,0.1031363010406494,14,9,computed,2,15.0,0.85728875184248,0.7839966832504146,0.7635923160054164,0.8713377556661138,6,1.4596056000009412,1.4355676000013773,27.73233292807133
cluto-t5-8k,8000,6,1.0000000000000002,1.0,1.0,1.0,7,103.55956983566284,0.7143945783353834,0.6788374470571052,0.5428835946800528,0.6788374470571052,6,324.7714846134186,1.0,1.0,1.0,1.0,6,27.722,1.0,1.0,1.0,1.0,8,207.159,1.0,1.0,1.0,1.0,6,0.0746245384216308,15,9,computed,2,18.0,1.0000000000000002,1.0,1.0,1.0,6,1.778614999999263,1.7546785000013188,20.13635167205756
cure-t2-4k,4200,6,0.9323668493502956,0.94,0.9498727046396326,0.94,5,36.26537489891052,0.7939372660884179,0.658,0.5881692495239909,0.84,6,90.3686544895172,0.9374,0.94,0.9511,0.94,5,8.81,0.937354,0.94,0.951077,0.94,5,41.229,0.7243595860738726,0.54925,0.4823572648217984,0.82625,6,0.07920503616333,10,8,computed,2,10.0,0.8258780600489453,0.772,0.6614274279154714,0.9095,6,0.400244800001019,0.3824833999988186,0.0891745271418274
diamond9,3000,9,0.9921581217466066,0.9973333333333332,0.9940046793965496,0.9973333333333332,9,17.189225673675537,0.8793,0.7917,0.7537,0.7993,9,68.77,0.4476,0.2223,0.1811,0.2223,2,4.759,0.741707,0.555,0.364306,0.555,5,18.214,1.0,1.0,1.0,1.0,9,0.127,7,7,computed,2,7.0,1.0,1.0,1.0,1.0,9,0.2242667999998957,0.2085251000007701,0.3859047155735319
dpb,4000,5,0.9537868611558716,0.9826503140891416,0.9698127953882436,0.9826503140891416,5,40.20142602920532,0.8426,0.9118,0.8737,0.9118,5,122.261,0.9516,0.9821,0.9685,0.9821,5,9.937,0.948222,0.974574,0.971108,0.991624,7,36.073,0.8727,0.9488,0.8778,0.9488,5,0.246,12,8,computed,2,13.0,0.9746801077830264,0.9931199521387974,0.9860960761133978,0.9931199521387974,5,0.3562712999992072,0.3384707999994134,0.0332620350608621
DS-577,577,3,0.9802053495261216,0.9965337954939342,0.9894986807038808,0.9965337954939342,3,1.098505973815918,0.9202197525159068,0.975736568457539,0.9303559871928744,0.975736568457539,3,1.6885473728179932,0.9901,0.9983,0.9949,0.9983,3,0.616,0.990134,0.998267,0.994851,0.998267,3,0.875,0.873052190684947,0.9670710571923744,0.9032178834569248,0.9670710571923744,3,0.0369460582733154,8,8,computed,2,8.0,0.990134109045762,0.9982668977469672,0.994851035972846,0.9982668977469672,3,0.02146029999858,0.0106557999988581,0.2252244354674983
ds2c2sc13,588,13,0.9965244951750638,0.9982993197278912,0.9955555893309216,0.9982993197278912,13,1.4263741970062256,0.8883,0.7262,0.6793,0.8333,13,2.642,0.9085,0.7925,0.767,0.7925,9,0.668,0.985045,0.959184,0.969021,0.959184,12,0.883,0.788,0.5782,0.5406,0.716,13,0.193,4,5,computed,2,5.0,0.8829895524685278,0.7006802721088435,0.6551274813028223,0.8248299319727891,13,0.0228246000006038,0.0107887000012851,0.0225842865727478
flame,240,2,0.832984559439943,0.975,0.9017079127464837,0.975,2,0.3075535297393799,0.8994,0.9875,0.9502,0.9875,2,0.427,0.0,0.6375,0.0,0.6375,1,0.153,0.0,0.6375,0.0,0.6375,1,0.161,0.3988,0.8375,0.4534,0.8375,2,0.05,4,4,computed,2,4.0,0.4130729541054222,0.7875,0.3269351118422229,0.7875,2,0.0486254999996162,0.0027208999999857,0.930053761886914
fourty,1000,40,1.0,1.0,1.0,1.0,40,4.8815391063690186,1.0,1.0,1.0,1.0,40,7.817,1.0,1.0,1.0,1.0,40,1.684,1.0,1.0,1.0,1.0,40,2.91,1.0,1.0,1.0,1.0,40,0.443,15,7,computed,2,16.0,1.0,1.0,1.0,1.0,40,0.0417833999999857,0.027854700001626,1.3670854667046446
hypercube,800,8,1.0,1.0,1.0,1.0,8,2.416222095489502,1.0,1.0,1.0,1.0,8,3.252241611480713,1.0,1.0,1.0,1.0,8,1.7220845222473145,1.0,1.0,1.0,1.0,8,4.083980321884155,1.0,1.0,1.0,1.0,8,0.0512793064117431,7,6,computed,3,18.0,1.0,1.0,1.0,1.0,8,0.0308287000007112,0.018021799998678,0.1278749915260534
longsquare,900,6,0.9896897760485074,0.9966666666666668,0.9920554332516284,0.9966666666666668,6,2.471954822540283,0.9897,0.9967,0.9919,0.9967,6,6.233,0.9897,0.9967,0.9921,0.9967,6,1.035,0.933495,0.908889,0.906832,0.994444,8,1.592,0.866,0.8567,0.7985,0.8567,6,0.08,10,5,computed,2,8.0,0.9925491745902116,0.9977777777777778,0.994673992838077,0.9977777777777778,6,0.0380263999995804,0.0241251000006741,1.1465777623063107
R15,600,15,0.9913351232214996,0.995,0.9891224564103206,0.995,15,1.6446974277496338,0.9922,0.995,0.9893,0.995,15,2.874,0.9942,0.9967,0.9928,0.9967,15,0.804,0.988465,0.993333,0.985603,0.993333,15,0.946,0.9942,0.9967,0.9928,0.9967,15,0.089,7,6,computed,2,11.0,0.9942285075104654,0.9966666666666668,0.9927781994136302,0.9966666666666668,15,0.0231244999995396,0.0113280000005033,0.3695430687608784
sizes4,1000,4,0.9258023702318288,0.986,0.9568850934481044,0.986,4,3.60514235496521,0.8608,0.969,0.9055,0.969,4,7.908,0.0,0.727,0.0,0.727,1,1.41,0.0,0.727,0.0,0.727,1,2.666,0.8868,0.977,0.9307,0.977,4,0.124,11,7,computed,2,11.0,0.9194254501374638,0.985,0.958245900892223,0.985,4,0.0405401000007259,0.0271446000006108,0.8168876059091591
smile1,1000,4,1.0,1.0,1.0,1.0,4,2.220844268798828,1.0,1.0,1.0,1.0,4,7.864,1.0,1.0,1.0,1.0,4,1.19,1.0,1.0,1.0,1.0,4,2.257,0.6079,0.696,0.5468,0.75,4,0.093,7,7,computed,2,7.0,0.6661482384886833,0.732,0.568278309236157,0.75,4,0.0440741999991587,0.0324717000003147,0.0087221612281199
smile3,1000,4,1.0,1.0,1.0,1.0,4,2.8885867595672607,1.0,1.0,1.0,1.0,4,4.961868047714233,1.0,1.0,1.0,1.0,4,1.415,1.0,1.0,1.0,1.0,4,2.33,0.3954195963717709,0.515,0.2031279182518012,0.596,4,0.0497536659240722,8,9,computed,2,11.0,0.5244972008790433,0.625,0.281197920199105,0.625,4,0.0442356999992625,0.0309294999988196,0.0149762522583076
triangle1,1000,4,0.9905929322453414,0.998,0.9946666935258882,0.998,4,3.4083476066589355,1.0,1.0,1.0,1.0,4,7.78,0.9906,0.998,0.9947,0.998,4,1.279,1.0,1.0,1.0,1.0,4,2.615,0.952,0.986,0.9633,0.986,4,0.049,9,9,computed,2,8.0,1.0,1.0,1.0,1.0,4,0.0429688000003807,0.0303567000009934,0.681987269772244
twenty,1000,20,1.0,1.0,1.0,1.0,20,3.419797658920288,1.0,1.0,1.0,1.0,20,7.87,1.0,1.0,1.0,1.0,20,1.686,1.0,1.0,1.0,1.0,20,2.335,1.0,1.0,1.0,1.0,20,0.119,12,7,computed,2,14.0,1.0,1.0,1.0,1.0,20,0.0390425000005052,0.0262110000003303,0.724331106277905
xclara,3000,3,0.98723476082045,0.9976666666666668,0.99289452504611,0.9976666666666668,3,17.833839178085327,0.9864,0.9977,0.993,0.9977,3,69.091,0.9872,0.9977,0.9929,0.9977,3,5.15,0.968915,0.987667,0.980641,0.998,4,16.913,0.9872,0.9977,0.9929,0.9977,3,0.092,8,6,computed,2,10.0,0.9937530004755268,0.999,0.9969493297766724,0.999,3,0.2237326000013126,0.2064928999989206,4.999576540405361
zelnik5,512,4,1.0000000000000002,1.0,1.0,1.0,4,0.9329009056091307,1.0,1.0,1.0,1.0,4,1.340463161468506,1.0,1.0,1.0,1.0,4,0.702,1.0,1.0,1.0,1.0,4,0.821,0.6735266670058798,0.720703125,0.5039194350789242,0.720703125,4,0.0384652614593505,7,8,computed,2,10.0,0.4231839679865715,0.4140625,0.224077633496917,0.53125,4,0.0209938999996666,0.0088678000010986,0.0203945147652214
